[
  {
    "model": "admin.logentry",
    "pk": 1,
    "fields": {
      "action_time": "2022-11-26T15:11:54.944Z",
      "user": 1,
      "content_type": 8,
      "object_id": "1",
      "object_repr": "Распродажа",
      "action_flag": 1,
      "change_message": "[{\"added\": {}}]"
    }
  },
  {
    "model": "admin.logentry",
    "pk": 2,
    "fields": {
      "action_time": "2022-11-26T15:12:14.959Z",
      "user": 1,
      "content_type": 9,
      "object_id": "1",
      "object_repr": "НДС",
      "action_flag": 1,
      "change_message": "[{\"added\": {}}]"
    }
  },
  {
    "model": "admin.logentry",
    "pk": 3,
    "fields": {
      "action_time": "2022-11-26T15:12:35.095Z",
      "user": 1,
      "content_type": 9,
      "object_id": "2",
      "object_repr": "VAT",
      "action_flag": 1,
      "change_message": "[{\"added\": {}}]"
    }
  },
  {
    "model": "admin.logentry",
    "pk": 4,
    "fields": {
      "action_time": "2022-11-26T15:12:55.416Z",
      "user": 1,
      "content_type": 9,
      "object_id": "3",
      "object_repr": "НДФЛ",
      "action_flag": 1,
      "change_message": "[{\"added\": {}}]"
    }
  },
  {
    "model": "admin.logentry",
    "pk": 5,
    "fields": {
      "action_time": "2022-11-26T15:13:28.020Z",
      "user": 1,
      "content_type": 9,
      "object_id": "4",
      "object_repr": "PIT",
      "action_flag": 1,
      "change_message": "[{\"added\": {}}]"
    }
  },
  {
    "model": "admin.logentry",
    "pk": 6,
    "fields": {
      "action_time": "2022-11-26T15:38:22.470Z",
      "user": 1,
      "content_type": 10,
      "object_id": "1",
      "object_repr": "Заказ",
      "action_flag": 1,
      "change_message": "[{\"added\": {}}]"
    }
  },
  {
    "model": "admin.logentry",
    "pk": 7,
    "fields": {
      "action_time": "2022-11-26T15:58:01.018Z",
      "user": 1,
      "content_type": 10,
      "object_id": "1",
      "object_repr": "Заказ 1",
      "action_flag": 1,
      "change_message": "[{\"added\": {}}]"
    }
  },
  {
    "model": "admin.logentry",
    "pk": 8,
    "fields": {
      "action_time": "2022-11-26T15:58:08.806Z",
      "user": 1,
      "content_type": 11,
      "object_id": "1",
      "object_repr": "OrderItems object (1)",
      "action_flag": 1,
      "change_message": "[{\"added\": {}}]"
    }
  },
  {
    "model": "admin.logentry",
    "pk": 9,
    "fields": {
      "action_time": "2022-11-26T16:28:19.370Z",
      "user": 1,
      "content_type": 10,
      "object_id": "1",
      "object_repr": "Заказ 1",
      "action_flag": 1,
      "change_message": "[{\"added\": {}}]"
    }
  },
  {
    "model": "admin.logentry",
    "pk": 10,
    "fields": {
      "action_time": "2022-11-26T16:28:34.395Z",
      "user": 1,
      "content_type": 11,
      "object_id": "1",
      "object_repr": "Заказ 1_Капучино",
      "action_flag": 1,
      "change_message": "[{\"added\": {}}]"
    }
  },
  {
    "model": "admin.logentry",
    "pk": 11,
    "fields": {
      "action_time": "2022-11-26T16:37:10.831Z",
      "user": 1,
      "content_type": 11,
      "object_id": "2",
      "object_repr": "Заказ 1_Эспрессо",
      "action_flag": 1,
      "change_message": "[{\"added\": {}}]"
    }
  },
  {
    "model": "admin.logentry",
    "pk": 12,
    "fields": {
      "action_time": "2022-11-26T16:52:36.963Z",
      "user": 1,
      "content_type": 11,
      "object_id": "3",
      "object_repr": "Заказ 1_Эспрессо",
      "action_flag": 1,
      "change_message": "[{\"added\": {}}]"
    }
  },
  {
    "model": "admin.logentry",
    "pk": 13,
    "fields": {
      "action_time": "2022-11-26T16:56:35.167Z",
      "user": 1,
      "content_type": 11,
      "object_id": "4",
      "object_repr": "Заказ 1_Эспрессо",
      "action_flag": 1,
      "change_message": "[{\"added\": {}}]"
    }
  },
  {
    "model": "admin.logentry",
    "pk": 14,
    "fields": {
      "action_time": "2022-11-26T16:57:40.013Z",
      "user": 1,
      "content_type": 11,
      "object_id": "5",
      "object_repr": "Заказ 1_Капучино",
      "action_flag": 1,
      "change_message": "[{\"added\": {}}]"
    }
  },
  {
    "model": "admin.logentry",
    "pk": 15,
    "fields": {
      "action_time": "2022-11-26T16:58:35.570Z",
      "user": 1,
      "content_type": 11,
      "object_id": "5",
      "object_repr": "Заказ 1_Капучино",
      "action_flag": 3,
      "change_message": ""
    }
  },
  {
    "model": "admin.logentry",
    "pk": 16,
    "fields": {
      "action_time": "2022-11-26T16:58:35.575Z",
      "user": 1,
      "content_type": 11,
      "object_id": "4",
      "object_repr": "Заказ 1_Эспрессо",
      "action_flag": 3,
      "change_message": ""
    }
  },
  {
    "model": "admin.logentry",
    "pk": 17,
    "fields": {
      "action_time": "2022-11-26T16:58:35.579Z",
      "user": 1,
      "content_type": 11,
      "object_id": "3",
      "object_repr": "Заказ 1_Эспрессо",
      "action_flag": 3,
      "change_message": ""
    }
  },
  {
    "model": "admin.logentry",
    "pk": 18,
    "fields": {
      "action_time": "2022-11-26T16:58:35.583Z",
      "user": 1,
      "content_type": 11,
      "object_id": "2",
      "object_repr": "Заказ 1_Эспрессо",
      "action_flag": 3,
      "change_message": ""
    }
  },
  {
    "model": "admin.logentry",
    "pk": 19,
    "fields": {
      "action_time": "2022-11-26T16:58:35.587Z",
      "user": 1,
      "content_type": 11,
      "object_id": "1",
      "object_repr": "Заказ 1_Капучино",
      "action_flag": 3,
      "change_message": ""
    }
  },
  {
    "model": "admin.logentry",
    "pk": 20,
    "fields": {
      "action_time": "2022-11-26T16:58:40.560Z",
      "user": 1,
      "content_type": 11,
      "object_id": "6",
      "object_repr": "Заказ 1_Капучино",
      "action_flag": 1,
      "change_message": "[{\"added\": {}}]"
    }
  },
  {
    "model": "admin.logentry",
    "pk": 21,
    "fields": {
      "action_time": "2022-11-26T16:59:03.180Z",
      "user": 1,
      "content_type": 11,
      "object_id": "7",
      "object_repr": "Заказ 1_Эспрессо",
      "action_flag": 1,
      "change_message": "[{\"added\": {}}]"
    }
  },
  {
    "model": "admin.logentry",
    "pk": 22,
    "fields": {
      "action_time": "2022-11-26T17:00:39.219Z",
      "user": 1,
      "content_type": 11,
      "object_id": "7",
      "object_repr": "Заказ 1_Эспрессо",
      "action_flag": 3,
      "change_message": ""
    }
  },
  {
    "model": "admin.logentry",
    "pk": 23,
    "fields": {
      "action_time": "2022-11-26T17:00:39.223Z",
      "user": 1,
      "content_type": 11,
      "object_id": "6",
      "object_repr": "Заказ 1_Капучино",
      "action_flag": 3,
      "change_message": ""
    }
  },
  {
    "model": "admin.logentry",
    "pk": 24,
    "fields": {
      "action_time": "2022-11-26T17:00:45.928Z",
      "user": 1,
      "content_type": 11,
      "object_id": "None",
      "object_repr": "Заказ 1_Эспрессо",
      "action_flag": 1,
      "change_message": "[{\"added\": {}}]"
    }
  },
  {
    "model": "admin.logentry",
    "pk": 25,
    "fields": {
      "action_time": "2022-11-26T17:01:18.092Z",
      "user": 1,
      "content_type": 11,
      "object_id": "None",
      "object_repr": "Заказ 1_Капучино",
      "action_flag": 1,
      "change_message": "[{\"added\": {}}]"
    }
  },
  {
    "model": "admin.logentry",
    "pk": 26,
    "fields": {
      "action_time": "2022-11-26T17:01:44.399Z",
      "user": 1,
      "content_type": 11,
      "object_id": "8",
      "object_repr": "Заказ 1_Капучино",
      "action_flag": 1,
      "change_message": "[{\"added\": {}}]"
    }
  },
  {
    "model": "admin.logentry",
    "pk": 27,
    "fields": {
      "action_time": "2022-11-27T12:08:11.925Z",
      "user": 1,
      "content_type": 11,
      "object_id": "8",
      "object_repr": "Заказ 1_Капучино",
      "action_flag": 3,
      "change_message": ""
    }
  },
  {
    "model": "admin.logentry",
    "pk": 28,
    "fields": {
      "action_time": "2022-11-27T12:08:21.674Z",
      "user": 1,
      "content_type": 11,
      "object_id": "9",
      "object_repr": "Заказ 1_Капучино",
      "action_flag": 1,
      "change_message": "[{\"added\": {}}]"
    }
  },
  {
    "model": "admin.logentry",
    "pk": 29,
    "fields": {
      "action_time": "2022-11-27T12:38:33.201Z",
      "user": 1,
      "content_type": 11,
      "object_id": "10",
      "object_repr": "Заказ 1_Эспрессо",
      "action_flag": 1,
      "change_message": "[{\"added\": {}}]"
    }
  },
  {
    "model": "admin.logentry",
    "pk": 30,
    "fields": {
      "action_time": "2022-11-27T18:22:42.893Z",
      "user": 1,
      "content_type": 10,
      "object_id": "2",
      "object_repr": "Заказ",
      "action_flag": 1,
      "change_message": "[{\"added\": {}}]"
    }
  },
  {
    "model": "admin.logentry",
    "pk": 31,
    "fields": {
      "action_time": "2022-11-27T18:22:57.818Z",
      "user": 1,
      "content_type": 10,
      "object_id": "2",
      "object_repr": "Заказ",
      "action_flag": 3,
      "change_message": ""
    }
  },
  {
    "model": "admin.logentry",
    "pk": 32,
    "fields": {
      "action_time": "2022-11-27T18:25:53.423Z",
      "user": 1,
      "content_type": 10,
      "object_id": "3",
      "object_repr": "Заказ №2",
      "action_flag": 3,
      "change_message": ""
    }
  },
  {
    "model": "auth.permission",
    "pk": 1,
    "fields": {
      "name": "Can add log entry",
      "content_type": 1,
      "codename": "add_logentry"
    }
  },
  {
    "model": "auth.permission",
    "pk": 2,
    "fields": {
      "name": "Can change log entry",
      "content_type": 1,
      "codename": "change_logentry"
    }
  },
  {
    "model": "auth.permission",
    "pk": 3,
    "fields": {
      "name": "Can delete log entry",
      "content_type": 1,
      "codename": "delete_logentry"
    }
  },
  {
    "model": "auth.permission",
    "pk": 4,
    "fields": {
      "name": "Can view log entry",
      "content_type": 1,
      "codename": "view_logentry"
    }
  },
  {
    "model": "auth.permission",
    "pk": 5,
    "fields": {
      "name": "Can add permission",
      "content_type": 2,
      "codename": "add_permission"
    }
  },
  {
    "model": "auth.permission",
    "pk": 6,
    "fields": {
      "name": "Can change permission",
      "content_type": 2,
      "codename": "change_permission"
    }
  },
  {
    "model": "auth.permission",
    "pk": 7,
    "fields": {
      "name": "Can delete permission",
      "content_type": 2,
      "codename": "delete_permission"
    }
  },
  {
    "model": "auth.permission",
    "pk": 8,
    "fields": {
      "name": "Can view permission",
      "content_type": 2,
      "codename": "view_permission"
    }
  },
  {
    "model": "auth.permission",
    "pk": 9,
    "fields": {
      "name": "Can add group",
      "content_type": 3,
      "codename": "add_group"
    }
  },
  {
    "model": "auth.permission",
    "pk": 10,
    "fields": {
      "name": "Can change group",
      "content_type": 3,
      "codename": "change_group"
    }
  },
  {
    "model": "auth.permission",
    "pk": 11,
    "fields": {
      "name": "Can delete group",
      "content_type": 3,
      "codename": "delete_group"
    }
  },
  {
    "model": "auth.permission",
    "pk": 12,
    "fields": {
      "name": "Can view group",
      "content_type": 3,
      "codename": "view_group"
    }
  },
  {
    "model": "auth.permission",
    "pk": 13,
    "fields": {
      "name": "Can add user",
      "content_type": 4,
      "codename": "add_user"
    }
  },
  {
    "model": "auth.permission",
    "pk": 14,
    "fields": {
      "name": "Can change user",
      "content_type": 4,
      "codename": "change_user"
    }
  },
  {
    "model": "auth.permission",
    "pk": 15,
    "fields": {
      "name": "Can delete user",
      "content_type": 4,
      "codename": "delete_user"
    }
  },
  {
    "model": "auth.permission",
    "pk": 16,
    "fields": {
      "name": "Can view user",
      "content_type": 4,
      "codename": "view_user"
    }
  },
  {
    "model": "auth.permission",
    "pk": 17,
    "fields": {
      "name": "Can add content type",
      "content_type": 5,
      "codename": "add_contenttype"
    }
  },
  {
    "model": "auth.permission",
    "pk": 18,
    "fields": {
      "name": "Can change content type",
      "content_type": 5,
      "codename": "change_contenttype"
    }
  },
  {
    "model": "auth.permission",
    "pk": 19,
    "fields": {
      "name": "Can delete content type",
      "content_type": 5,
      "codename": "delete_contenttype"
    }
  },
  {
    "model": "auth.permission",
    "pk": 20,
    "fields": {
      "name": "Can view content type",
      "content_type": 5,
      "codename": "view_contenttype"
    }
  },
  {
    "model": "auth.permission",
    "pk": 21,
    "fields": {
      "name": "Can add session",
      "content_type": 6,
      "codename": "add_session"
    }
  },
  {
    "model": "auth.permission",
    "pk": 22,
    "fields": {
      "name": "Can change session",
      "content_type": 6,
      "codename": "change_session"
    }
  },
  {
    "model": "auth.permission",
    "pk": 23,
    "fields": {
      "name": "Can delete session",
      "content_type": 6,
      "codename": "delete_session"
    }
  },
  {
    "model": "auth.permission",
    "pk": 24,
    "fields": {
      "name": "Can view session",
      "content_type": 6,
      "codename": "view_session"
    }
  },
  {
    "model": "auth.permission",
    "pk": 25,
    "fields": {
      "name": "Can add Товар",
      "content_type": 7,
      "codename": "add_item"
    }
  },
  {
    "model": "auth.permission",
    "pk": 26,
    "fields": {
      "name": "Can change Товар",
      "content_type": 7,
      "codename": "change_item"
    }
  },
  {
    "model": "auth.permission",
    "pk": 27,
    "fields": {
      "name": "Can delete Товар",
      "content_type": 7,
      "codename": "delete_item"
    }
  },
  {
    "model": "auth.permission",
    "pk": 28,
    "fields": {
      "name": "Can view Товар",
      "content_type": 7,
      "codename": "view_item"
    }
  },
  {
    "model": "auth.permission",
    "pk": 29,
    "fields": {
      "name": "Can add Скидка",
      "content_type": 8,
      "codename": "add_discount"
    }
  },
  {
    "model": "auth.permission",
    "pk": 30,
    "fields": {
      "name": "Can change Скидка",
      "content_type": 8,
      "codename": "change_discount"
    }
  },
  {
    "model": "auth.permission",
    "pk": 31,
    "fields": {
      "name": "Can delete Скидка",
      "content_type": 8,
      "codename": "delete_discount"
    }
  },
  {
    "model": "auth.permission",
    "pk": 32,
    "fields": {
      "name": "Can view Скидка",
      "content_type": 8,
      "codename": "view_discount"
    }
  },
  {
    "model": "auth.permission",
    "pk": 33,
    "fields": {
      "name": "Can add Налог",
      "content_type": 9,
      "codename": "add_tax"
    }
  },
  {
    "model": "auth.permission",
    "pk": 34,
    "fields": {
      "name": "Can change Налог",
      "content_type": 9,
      "codename": "change_tax"
    }
  },
  {
    "model": "auth.permission",
    "pk": 35,
    "fields": {
      "name": "Can delete Налог",
      "content_type": 9,
      "codename": "delete_tax"
    }
  },
  {
    "model": "auth.permission",
    "pk": 36,
    "fields": {
      "name": "Can view Налог",
      "content_type": 9,
      "codename": "view_tax"
    }
  },
  {
    "model": "auth.permission",
    "pk": 37,
    "fields": {
      "name": "Can add Заказ",
      "content_type": 10,
      "codename": "add_order"
    }
  },
  {
    "model": "auth.permission",
    "pk": 38,
    "fields": {
      "name": "Can change Заказ",
      "content_type": 10,
      "codename": "change_order"
    }
  },
  {
    "model": "auth.permission",
    "pk": 39,
    "fields": {
      "name": "Can delete Заказ",
      "content_type": 10,
      "codename": "delete_order"
    }
  },
  {
    "model": "auth.permission",
    "pk": 40,
    "fields": {
      "name": "Can view Заказ",
      "content_type": 10,
      "codename": "view_order"
    }
  },
  {
    "model": "auth.permission",
    "pk": 41,
    "fields": {
      "name": "Can add order items",
      "content_type": 11,
      "codename": "add_orderitems"
    }
  },
  {
    "model": "auth.permission",
    "pk": 42,
    "fields": {
      "name": "Can change order items",
      "content_type": 11,
      "codename": "change_orderitems"
    }
  },
  {
    "model": "auth.permission",
    "pk": 43,
    "fields": {
      "name": "Can delete order items",
      "content_type": 11,
      "codename": "delete_orderitems"
    }
  },
  {
    "model": "auth.permission",
    "pk": 44,
    "fields": {
      "name": "Can view order items",
      "content_type": 11,
      "codename": "view_orderitems"
    }
  },
  {
    "model": "auth.user",
    "pk": 1,
    "fields": {
      "password": "pbkdf2_sha256$390000$K4LThyc89iLrjY4rputahA$TlePZkurR/SZL9dn/YizOyhiynDS8oIsm5FgIySqzrw=",
      "last_login": "2022-11-26T15:01:41.577Z",
      "is_superuser": true,
      "username": "admin",
      "first_name": "",
      "last_name": "",
      "email": "",
      "is_staff": true,
      "is_active": true,
      "date_joined": "2022-11-26T15:01:27.949Z",
      "groups": [],
      "user_permissions": []
    }
  },
  {
    "model": "contenttypes.contenttype",
    "pk": 1,
    "fields": {
      "app_label": "admin",
      "model": "logentry"
    }
  },
  {
    "model": "contenttypes.contenttype",
    "pk": 2,
    "fields": {
      "app_label": "auth",
      "model": "permission"
    }
  },
  {
    "model": "contenttypes.contenttype",
    "pk": 3,
    "fields": {
      "app_label": "auth",
      "model": "group"
    }
  },
  {
    "model": "contenttypes.contenttype",
    "pk": 4,
    "fields": {
      "app_label": "auth",
      "model": "user"
    }
  },
  {
    "model": "contenttypes.contenttype",
    "pk": 5,
    "fields": {
      "app_label": "contenttypes",
      "model": "contenttype"
    }
  },
  {
    "model": "contenttypes.contenttype",
    "pk": 6,
    "fields": {
      "app_label": "sessions",
      "model": "session"
    }
  },
  {
    "model": "contenttypes.contenttype",
    "pk": 7,
    "fields": {
      "app_label": "PaySys",
      "model": "item"
    }
  },
  {
    "model": "contenttypes.contenttype",
    "pk": 8,
    "fields": {
      "app_label": "PaySys",
      "model": "discount"
    }
  },
  {
    "model": "contenttypes.contenttype",
    "pk": 9,
    "fields": {
      "app_label": "PaySys",
      "model": "tax"
    }
  },
  {
    "model": "contenttypes.contenttype",
    "pk": 10,
    "fields": {
      "app_label": "PaySys",
      "model": "order"
    }
  },
  {
    "model": "contenttypes.contenttype",
    "pk": 11,
    "fields": {
      "app_label": "PaySys",
      "model": "orderitems"
    }
  },
  {
    "model": "sessions.session",
    "pk": "o0k955hx5o73v6egd20gse77kjvefs6w",
    "fields": {
      "session_data": ".eJxVjMEOwiAQRP-FsyG7gGA9eu83kIWlUjU0Ke3J-O9C0oNmbvPezFt42rfs95pWP7O4ChSn3y5QfKbSAT-o3BcZl7Ktc5BdkQetclw4vW6H-3eQqea2VgDsDE9p4oHA2ThAYoXRASGcG9JgNSOioQt3SdkWo4MF1Fo58fkC2uI28w:1oyxiA:edjxt0q7fSgNeTPCJK3yMYV1Z6oH5n-7t1sChGlNKeE",
      "expire_date": "2022-12-10T16:07:26.601Z"
    }
  },
  {
    "model": "sessions.session",
    "pk": "qgns05ia86qn5veh7ifl5vu59x6u8mk5",
    "fields": {
      "session_data": ".eJxVjMEOwiAQRP-FsyG7gGA9eu83kIWlUjU0Ke3J-O9C0oNmbvPezFt42rfs95pWP7O4ChSn3y5QfKbSAT-o3BcZl7Ktc5BdkQetclw4vW6H-3eQqea2VgDsDE9p4oHA2ThAYoXRASGcG9JgNSOioQt3SdkWo4MF1Fo58fkC2uI28w:1oywgX:gMMIzprpkEuUp1Pj-ElJzanuY0mBODKo3akPR8SLAHc",
      "expire_date": "2022-12-10T15:01:41.614Z"
    }
  },
  {
    "model": "PaySys.discount",
    "pk": 1,
    "fields": {
      "name": "Распродажа",
      "description": "Черная пятница",
      "price": null,
      "percent": 10,
      "created_at": "2022-11-26T15:11:54.942Z",
      "until_at": "2022-11-29T21:00:00Z"
    }
  },
  {
    "model": "PaySys.tax",
    "pk": 1,
    "fields": {
      "name": "НДС",
      "description": "Налог на добавленную стоимость",
      "percent": 10,
      "created_at": "2022-11-26T15:12:14.957Z"
    }
  },
  {
    "model": "PaySys.tax",
    "pk": 2,
    "fields": {
      "name": "VAT",
      "description": "Value Added Tax",
      "percent": 7,
      "created_at": "2022-11-26T15:12:35.094Z"
    }
  },
  {
    "model": "PaySys.tax",
    "pk": 3,
    "fields": {
      "name": "НДФЛ",
      "description": "Налог на Доход Физических Лиц",
      "percent": 13,
      "created_at": "2022-11-26T15:12:55.415Z"
    }
  },
  {
    "model": "PaySys.tax",
    "pk": 4,
    "fields": {
      "name": "PIT",
      "description": "Personal Income Tax",
      "percent": 37,
      "created_at": "2022-11-26T15:13:28.019Z"
    }
  },
  {
    "model": "PaySys.item",
    "pk": 1,
    "fields": {
      "name": "Капучино",
      "description": "Кофейный напиток итальянской кухни на основе эспрессо с добавлением в него подогретого вспененного молока.",
      "price": 220.0,
      "currency": "RUB",
      "quantity": 0,
      "created_at": "2022-11-27T12:08:21.672Z"
    }
  },
  {
    "model": "PaySys.item",
    "pk": 2,
    "fields": {
      "name": "Эспрессо",
      "description": "Метод приготовления кофе путём прохождения горячей воды под давлением через фильтр с молотым кофе.",
      "price": 200.0,
      "currency": "RUB",
      "quantity": 3,
      "created_at": "2022-11-27T12:38:33.198Z"
    }
  },
  {
    "model": "PaySys.item",
    "pk": 3,
    "fields": {
      "name": "Латте",
      "description": "Кофейный напиток итальянской кухни на основе эспрессо с добавлением в него подогретого вспененного молока.",
      "price": 240.0,
      "currency": "RUB",
      "quantity": 3,
      "created_at": "2022-11-26T05:16:21Z"
    }
  },
  {
    "model": "PaySys.item",
    "pk": 4,
    "fields": {
      "name": "Американо",
      "description": "Способ приготовления кофе, заключающийся в соединении определённого количества горячей воды и эспрессо.",
      "price": 4.0,
      "currency": "USD",
      "quantity": 3,
      "created_at": "2022-11-26T05:17:23Z"
    }
  },
  {
    "model": "PaySys.item",
    "pk": 5,
    "fields": {
      "name": "Раф",
      "description": "Кофейный напиток, готовится путём добавления нагретых паром сливок с небольшим количеством пены в одиночную порцию эспрессо.",
      "price": 3.5,
      "currency": "USD",
      "quantity": 4,
      "created_at": "2022-11-26T05:20:39Z"
    }
  },
  {
    "model": "PaySys.order",
    "pk": 1,
    "fields": {
      "name": "Заказ 1",
      "paid": false,
      "created_at": "2022-11-26T16:28:19.362Z",
      "discount": [
        1
      ],
      "tax": [
        3
      ]
    }
  },
  {
    "model": "PaySys.order",
    "pk": 4,
    "fields": {
      "name": "Заказ №3",
      "paid": false,
      "created_at": "2022-11-27T18:25:36.393Z",
      "discount": [],
      "tax": []
    }
  },
  {
    "model": "PaySys.order",
    "pk": 5,
    "fields": {
      "name": "Заказ №5",
      "paid": false,
      "created_at": "2022-11-27T18:26:56.159Z",
      "discount": [],
      "tax": []
    }
  },
  {
    "model": "PaySys.order",
    "pk": 6,
    "fields": {
      "name": "Заказ №6",
      "paid": false,
      "created_at": "2022-11-27T18:29:59.695Z",
      "discount": [],
      "tax": []
    }
  },
  {
    "model": "PaySys.order",
    "pk": 7,
    "fields": {
      "name": "Заказ №7",
      "paid": false,
      "created_at": "2022-11-27T18:30:46.518Z",
      "discount": [],
      "tax": []
    }
  },
  {
    "model": "PaySys.order",
    "pk": 8,
    "fields": {
      "name": "Заказ №8",
      "paid": false,
      "created_at": "2022-11-27T18:31:14.972Z",
      "discount": [],
      "tax": []
    }
  },
  {
    "model": "PaySys.order",
    "pk": 9,
    "fields": {
      "name": "Заказ №9",
      "paid": false,
      "created_at": "2022-11-27T18:34:58.126Z",
      "discount": [],
      "tax": []
    }
  },
  {
    "model": "PaySys.order",
    "pk": 10,
    "fields": {
      "name": "Заказ №10",
      "paid": false,
      "created_at": "2022-11-27T18:40:17.823Z",
      "discount": [],
      "tax": []
    }
  },
  {
    "model": "PaySys.order",
    "pk": 11,
    "fields": {
      "name": "Заказ №11",
      "paid": false,
      "created_at": "2022-11-27T18:41:44.716Z",
      "discount": [],
      "tax": [
        1
      ]
    }
  },
  {
    "model": "PaySys.order",
    "pk": 12,
    "fields": {
      "name": "Заказ №12",
      "paid": false,
      "created_at": "2022-11-27T18:42:28.402Z",
      "discount": [],
      "tax": [
        1,
        2
      ]
    }
  },
  {
    "model": "PaySys.order",
    "pk": 13,
    "fields": {
      "name": "Заказ №13",
      "paid": false,
      "created_at": "2022-11-27T19:28:15.930Z",
      "discount": [],
      "tax": []
    }
  },
  {
    "model": "PaySys.order",
    "pk": 14,
    "fields": {
      "name": "Заказ №14",
      "paid": false,
      "created_at": "2022-11-27T19:29:22.294Z",
      "discount": [],
      "tax": []
    }
  },
  {
    "model": "PaySys.order",
    "pk": 15,
    "fields": {
      "name": "Заказ №15",
      "paid": false,
      "created_at": "2022-11-27T19:30:22.448Z",
      "discount": [],
      "tax": []
    }
  },
  {
    "model": "PaySys.order",
    "pk": 16,
    "fields": {
      "name": "Заказ №16",
      "paid": false,
      "created_at": "2022-11-27T19:30:31.319Z",
      "discount": [],
      "tax": []
    }
  },
  {
    "model": "PaySys.order",
    "pk": 17,
    "fields": {
      "name": "Заказ №17",
      "paid": false,
      "created_at": "2022-11-27T19:31:41.846Z",
      "discount": [],
      "tax": []
    }
  },
  {
    "model": "PaySys.order",
    "pk": 18,
    "fields": {
      "name": "Заказ №18",
      "paid": false,
      "created_at": "2022-11-27T19:33:22.630Z",
      "discount": [],
      "tax": []
    }
  },
  {
    "model": "PaySys.order",
    "pk": 19,
    "fields": {
      "name": "Заказ №19",
      "paid": false,
      "created_at": "2022-11-27T19:33:49.227Z",
      "discount": [],
      "tax": []
    }
  },
  {
    "model": "PaySys.order",
    "pk": 20,
    "fields": {
      "name": "Заказ №20",
      "paid": false,
      "created_at": "2022-11-27T19:34:10.910Z",
      "discount": [],
      "tax": []
    }
  },
  {
    "model": "PaySys.order",
    "pk": 21,
    "fields": {
      "name": "Заказ №21",
      "paid": false,
      "created_at": "2022-11-27T19:34:35.596Z",
      "discount": [],
      "tax": [
        2
      ]
    }
  },
  {
    "model": "PaySys.order",
    "pk": 22,
    "fields": {
      "name": "Заказ №22",
      "paid": false,
      "created_at": "2022-11-27T20:14:15.419Z",
      "discount": [],
      "tax": []
    }
  },
  {
    "model": "PaySys.order",
    "pk": 23,
    "fields": {
      "name": "Заказ №23",
      "paid": false,
      "created_at": "2022-11-27T20:14:39.380Z",
      "discount": [],
      "tax": []
    }
  },
  {
    "model": "PaySys.order",
    "pk": 24,
    "fields": {
      "name": "Заказ №24",
      "paid": false,
      "created_at": "2022-11-27T20:14:55.686Z",
      "discount": [],
      "tax": []
    }
  },
  {
    "model": "PaySys.order",
    "pk": 25,
    "fields": {
      "name": "Заказ №25",
      "paid": false,
      "created_at": "2022-11-27T20:14:58.904Z",
      "discount": [],
      "tax": [
        1
      ]
    }
  },
  {
    "model": "PaySys.order",
    "pk": 26,
    "fields": {
      "name": "Заказ №26",
      "paid": false,
      "created_at": "2022-11-27T20:16:22.865Z",
      "discount": [],
      "tax": []
    }
  },
  {
    "model": "PaySys.order",
    "pk": 27,
    "fields": {
      "name": "Заказ №27",
      "paid": false,
      "created_at": "2022-11-27T20:16:26.462Z",
      "discount": [],
      "tax": [
        2
      ]
    }
  },
  {
    "model": "PaySys.order",
    "pk": 28,
    "fields": {
      "name": "Заказ №28",
      "paid": false,
      "created_at": "2022-11-27T20:16:56.104Z",
      "discount": [],
      "tax": []
    }
  },
  {
    "model": "PaySys.order",
    "pk": 29,
    "fields": {
      "name": "Заказ №29",
      "paid": false,
      "created_at": "2022-11-27T20:17:02.725Z",
      "discount": [],
      "tax": []
    }
  },
  {
    "model": "PaySys.order",
    "pk": 30,
    "fields": {
      "name": "Заказ №30",
      "paid": false,
      "created_at": "2022-11-27T20:17:06.062Z",
      "discount": [],
      "tax": []
    }
  },
  {
    "model": "PaySys.order",
    "pk": 31,
    "fields": {
      "name": "Заказ №31",
      "paid": false,
      "created_at": "2022-11-27T20:17:12.148Z",
      "discount": [],
      "tax": [
        2
      ]
    }
  },
  {
    "model": "PaySys.order",
    "pk": 32,
    "fields": {
      "name": "Заказ №32",
      "paid": false,
      "created_at": "2022-11-27T20:19:45.895Z",
      "discount": [],
      "tax": [
        2
      ]
    }
  },
  {
    "model": "PaySys.orderitems",
    "pk": 9,
    "fields": {
      "item": 1,
      "order": 1,
      "count": 2
    }
  },
  {
    "model": "PaySys.orderitems",
    "pk": 10,
    "fields": {
      "item": 2,
      "order": 1,
      "count": 1
    }
  },
  {
    "model": "PaySys.orderitems",
    "pk": 11,
    "fields": {
      "item": 1,
      "order": 4,
      "count": 2
    }
  },
  {
    "model": "PaySys.orderitems",
    "pk": 12,
    "fields": {
      "item": 2,
      "order": 4,
      "count": 1
    }
  },
  {
    "model": "PaySys.orderitems",
    "pk": 13,
    "fields": {
      "item": 3,
      "order": 4,
      "count": 1
    }
  },
  {
    "model": "PaySys.orderitems",
    "pk": 14,
    "fields": {
      "item": 1,
      "order": 5,
      "count": 1
    }
  },
  {
    "model": "PaySys.orderitems",
    "pk": 15,
    "fields": {
      "item": 4,
      "order": 5,
      "count": 1
    }
  },
  {
    "model": "PaySys.orderitems",
    "pk": 16,
    "fields": {
      "item": 5,
      "order": 5,
      "count": 2
    }
  },
  {
    "model": "PaySys.orderitems",
    "pk": 17,
    "fields": {
      "item": 1,
      "order": 6,
      "count": 1
    }
  },
  {
    "model": "PaySys.orderitems",
    "pk": 18,
    "fields": {
      "item": 1,
      "order": 7,
      "count": 1
    }
  },
  {
    "model": "PaySys.orderitems",
    "pk": 19,
    "fields": {
      "item": 2,
      "order": 8,
      "count": 1
    }
  },
  {
    "model": "PaySys.orderitems",
    "pk": 20,
    "fields": {
      "item": 1,
      "order": 9,
      "count": 2
    }
  },
  {
    "model": "PaySys.orderitems",
    "pk": 21,
    "fields": {
      "item": 2,
      "order": 9,
      "count": 1
    }
  },
  {
    "model": "PaySys.orderitems",
    "pk": 22,
    "fields": {
      "item": 1,
      "order": 10,
      "count": 2
    }
  },
  {
    "model": "PaySys.orderitems",
    "pk": 23,
    "fields": {
      "item": 2,
      "order": 10,
      "count": 1
    }
  },
  {
    "model": "PaySys.orderitems",
    "pk": 24,
    "fields": {
      "item": 1,
      "order": 11,
      "count": 2
    }
  },
  {
    "model": "PaySys.orderitems",
    "pk": 25,
    "fields": {
      "item": 2,
      "order": 11,
      "count": 1
    }
  },
  {
    "model": "PaySys.orderitems",
    "pk": 26,
    "fields": {
      "item": 1,
      "order": 12,
      "count": 1
    }
  },
  {
    "model": "PaySys.orderitems",
    "pk": 27,
    "fields": {
      "item": 5,
      "order": 12,
      "count": 1
    }
  },
  {
    "model": "PaySys.orderitems",
    "pk": 28,
    "fields": {
      "item": 4,
      "order": 21,
      "count": 2
    }
  },
  {
    "model": "PaySys.orderitems",
    "pk": 29,
    "fields": {
      "item": 1,
      "order": 25,
      "count": 1
    }
  },
  {
    "model": "PaySys.orderitems",
    "pk": 30,
    "fields": {
      "item": 4,
      "order": 27,
      "count": 1
    }
  },
  {
    "model": "PaySys.orderitems",
    "pk": 31,
    "fields": {
      "item": 4,
      "order": 31,
      "count": 1
    }
  },
  {
    "model": "PaySys.orderitems",
    "pk": 32,
    "fields": {
      "item": 4,
      "order": 32,
      "count": 1
    }
  }
]